Profile,Profile_Type,First_Name,Last_Name,Name,Registration_No,Address_Type,Address1,City,State,Zip,Country,Specialization,Related_HCO_ID
ID0,HCP,,Avila@,,,InvalidType,,,Michigan,,USA,Cardiology,HCO4
ID1,HCO,Derek,Taylor#,Smith-Moore,,InvalidType,37302 Wilson Tunnel,,,44604,France,,HCO7
ID2,HCP,Jennifer,Mccarty,,REG0002,Mailing Address,383 Moran Summit#,North Amandamouth,Arkansas,03057,Germany,Cardiology,HCO3
ID3,HCO,Cody,Williams,,,Shipping Address,,Rosarioside,Kentucky,83985,,,HCO1
ID4,HCO,,Downs,Weaver-Becker,,InvalidType,76633 Anderson Ramp Suite 426,Cochranview,,,Australia,,HCO7
ID5,HCO,Mitchell,,Smith Group,,Shipping Address,31631 Jesse Keys Suite 026!,,Wisconsin,71548,France,,HCO2
ID6,HCO,Erin,,,REG0006!,Billing Address,3256 Lucero Keys Apt. 916,,Alaska,61496,UK,,HCO3
ID7,HCP,Jeremy,Leon$,,REG0007,InvalidType,2918 Monroe Circle^,,Michigan,,InvalidCountry,,HCO9
ID8,HCP,Kathleen,,,REG0008,Shipping Address,2010 Douglas Estates,West Christinaburgh,Alabama,07819,France,,HCO6
ID9,HCP,,,,,InvalidType,069 Robert Stream,,,94727,USA,Cardiology,HCO4
ID10,HCO,,Castillo%,,REG0010,InvalidType,7778 White Rest Apt. 832!,,Ohio,43476,,,HCO3
ID11,HCO,Sharon,,"Berry, Sanders and Hickman",REG0011,Billing Address,67959 Robin Cape@,Tiffanychester,,09164,USA,,HCO7
ID12,HCO,Holly,Cook,,REG0012,Shipping Address,73017 Young Junction Apt. 391,,,,Australia,,HCO8
ID13,HCP,,,,REG0013,Mailing Address,0113 Laura Glen,Port Stephanie,,,Australia,Cardiology,HCO4
ID14,HCO,Sarah,Johnson,"Oconnor, Smith and Rogers",REG0014,Shipping Address,4065 May Glen%,Mooretown,,19419,France,,HCO6
ID15,HCO,Peter^,Gallagher,Sutton-Mcconnell,,Billing Address,69767 Susan Ridges Suite 354,Andrewburgh,North Carolina,,India,,HCO10
ID16,HCP,,Jones,,REG0016,Billing Address,,Port Amanda,Florida,,,Cardiology,HCO8
ID17,HCO,,Jordan,,REG0017@,Mailing Address,,,New York,25747,InvalidCountry,,HCO4
ID18,HCP,Kevin,Carter,,REG0018,InvalidType,,North Cherylburgh,,18646,USA,Cardiology,HCO4
ID19,HCO,,Wilson,Castillo-Vargas,REG0019,Shipping Address,33315 Martinez Curve,Rossstad,,,USA,,HCO5
ID20,HCO,Michael,Brown,"Silva, Edwards and Martinez",,InvalidType,,Lake Kimberly,Arkansas,,Germany,,HCO9
ID21,HCP,Rodney,Schwartz,,REG0021^,Shipping Address,2521 Wyatt Spurs Suite 139,,Utah,24293,UK,Cardiology,HCO5
ID22,HCO,Mark,Sheppard,"Murphy, Williams and Hanna",REG0022!,Mailing Address,46593 Jones Brook,Lake Angela,Wyoming,58520,India,,HCO8
ID23,HCP,Cynthia,Charles,,REG0023,Shipping Address,69920 Berry Radial Apt. 477,,Montana,,,,HCO1
ID24,HCP,Brian,Pham,,REG0024,InvalidType,64728 Michael Fall Suite 439,Ericksonville,,95953,InvalidCountry,Cardiology,HCO4
ID25,HCP,Kathy,Foster,,,InvalidType,04351 Anita Stravenue Suite 897%,Cookville,Georgia,87654,Germany,Cardiology,HCO9
ID26,HCO,Robert,Murphy,,REG0026,Shipping Address,124 Katelyn Meadows,East Jenniferport,Delaware,,,,HCO4
ID27,HCO,Adam,Meyer%,"Crawford, Jordan and Stone",,Mailing Address,19972 Evans Station,Matthewbury,New Mexico,,InvalidCountry,,HCO7
ID28,HCO,Cristina,Barton,"Long, Ponce and Roberts",REG0028,Shipping Address,2871 Julie Bypass,Gregoryport,Hawaii,44027,InvalidCountry,,HCO10
ID29,HCP,,,,,Shipping Address,3231 Emily Ports Apt. 374,North Susan,Illinois,56010,UK,Cardiology,HCO6
ID30,HCP,Melanie,Murray,,,Billing Address,,Elizabethfurt,,07741,Germany,Cardiology,HCO10
ID31,HCP,,Dunn,,REG0031,Mailing Address,5967 Thomas Mountains,West Johnmouth,,57449,InvalidCountry,,HCO10
ID32,HCP,Joseph,Johnson^,,REG0032,Billing Address,116 Patricia Terrace Apt. 337,Drakeville,,02147,Australia,Cardiology,HCO7
ID33,HCP,Keith,Wilson,,REG0033,InvalidType,548 Reyes Harbors Suite 354,Lindseytown,New Hampshire,74289,India,Cardiology,HCO10
ID34,HCO,Hannah,Soto,Horton Inc,REG0034,InvalidType,3098 Kyle Estates Apt. 971,Elizabethfort,Alabama,01524,,,HCO4
ID35,HCO,Mallory,,Wells-Taylor,REG0035,InvalidType,30979 Monica Island,Scottfurt,Vermont,58788,Australia,,HCO5
ID36,HCP,Michaela#,Rivera,,,Mailing Address,52923 Lisa Ports Apt. 915,East Jamie,Alabama,09799,India,Cardiology,HCO3
ID37,HCO,,Summers@,Salas and Sons,,Mailing Address,6961 Valerie Cliff,Jeremyborough,Delaware,38284,Germany,,HCO8
ID38,HCP,Andrew,Mathews!,,REG0038^,InvalidType,,Santanaland,North Dakota,75792,USA,Cardiology,HCO5
ID39,HCO,Jacqueline,Cox,Hoffman Group,,InvalidType,77228 Henry Harbors Apt. 905,,,,India,,HCO4
ID40,HCO,Kathy,Ramsey,,REG0040,Billing Address,82095 Garcia Flats Suite 305,New Nicholas,Maryland,46467,,,HCO3
ID41,HCO,Samantha,Gutierrez,,REG0041,Shipping Address,7837 Davis Hill Suite 669,North Emilyburgh,North Carolina,60888,Germany,,HCO10
ID42,HCP,Alan,,,REG0042,InvalidType,6916 Julie Bridge Apt. 127,,New Jersey,49931,Germany,Cardiology,HCO6
ID43,HCO,Ryan,Hendrix,Baker-Ramirez,REG0043,Shipping Address,7084 Kathy Ranch Apt. 371,Carrillochester,North Dakota,38609,InvalidCountry,,HCO9
ID44,HCO,,Hubbard,Smith Inc,REG0044,Billing Address,391 Ronald Field,Port Williamhaven,Oregon,98664,,,HCO5
ID45,HCP,,Cortez,,,InvalidType,63585 Hampton Branch Apt. 326,West Margaretmouth,Florida,68686,InvalidCountry,Cardiology,HCO9
ID46,HCP,Alyssa,Cantu,,REG0046,InvalidType,6952 Ryan Fords Apt. 312,Meganmouth,Washington,51591,UK,Cardiology,HCO3
ID47,HCO,Anna,Campbell,Sullivan Group,REG0047,InvalidType,,New Christopherton,Kentucky,97627,UK,,HCO3
ID48,HCO,,Donovan,Freeman-Mckinney,,Mailing Address,,,Nevada,96401,India,,HCO7
ID49,HCP,William,Stein,,REG0049,InvalidType,54209 Ronnie Highway,,,96038,UK,Cardiology,HCO2
ID50,HCP,Alison,,,REG0050,InvalidType,,Laneshire,Ohio,80912,,Cardiology,HCO10
ID51,HCP,Courtney,Murphy,,REG0051,InvalidType,36291 Christopher Field Suite 830,Danieltown,North Dakota,,UK,Cardiology,HCO5
ID52,HCO,,Hoffman,Moran Inc,REG0052,Shipping Address,72779 Schneider Haven,Lake Karen,Wyoming,33038,,,HCO8
ID53,HCO,,,"Walker, Williams and Hart",REG0053$,Shipping Address,322 Harvey Loop,Bakerfurt,Pennsylvania,44099,,,HCO3
ID54,HCP,Mary,,,REG0054,Mailing Address,7291 Roberts Freeway,Hahnburgh,,83526,Germany,Cardiology,HCO2
ID55,HCO,,Ellis,Hoover Inc,REG0055,Mailing Address,7745 Willis Fields Apt. 141,Smithville,Mississippi,,,,HCO6
ID56,HCP,Megan,Graves,,REG0056,Mailing Address,2935 Harvey Well Suite 423,South Jessicaburgh,Rhode Island,34823,,Cardiology,HCO8
ID57,HCP,,Russell,,REG0057,Mailing Address,737 Tina Camp,,Rhode Island,,Germany,Cardiology,HCO1
ID58,HCO,Michael,Wagner,"Robinson, Briggs and Murphy",REG0058,Billing Address,05626 Oneal Course Suite 792,,Georgia,04355,InvalidCountry,,HCO10
ID59,HCP,,,,REG0059,Billing Address,6161 Janet Curve,,Massachusetts,24525,,Cardiology,HCO3
ID60,HCO,,,Campbell-Sanford,REG0060,Mailing Address,,Port Elizabethhaven,,32771,India,,HCO2
ID61,HCO,David,Campbell!,,REG0061,Billing Address,49606 Sandy Valleys%,Robertland,,93038,,,HCO5
ID62,HCO,Ricky,Garcia,"Robinson, Berg and Valdez",REG0062,InvalidType,7043 Rush Port Suite 742!,Sarahchester,Wyoming,,Germany,,HCO2
ID63,HCO,Randy,,Chavez-Hansen,,Mailing Address,,,Illinois,15648,,,HCO7
ID64,HCO,Scott,Murphy,"Fuller, Bailey and Cook",REG0064$,Shipping Address,2580 Sanchez Circles Suite 652,,Utah,,India,,HCO10
ID65,HCP,Debra,Jones,,REG0065,Billing Address,4292 Adam Freeway Apt. 935!,New Melindabury,,57826,UK,Cardiology,HCO3
ID66,HCO,Zoe!,Henry!,Spencer-Larson,REG0066,Shipping Address,5690 Sherri Greens Apt. 598$,South Christopherville,Iowa,,,,HCO5
ID67,HCO,Luis,Kaiser,,,Shipping Address,32377 Sandra Neck,Yeseniabury,Rhode Island,86711,,,HCO5
ID68,HCP,Bonnie,,,REG0068,InvalidType,27796 Garcia Plaza Suite 255^,North Felicia,Montana,66606,India,Cardiology,HCO1
ID69,HCO,Lisa,Bailey,,REG0069,Shipping Address,645 Tara Forge@,,Connecticut,55833,Australia,,HCO10
ID70,HCO,Julie,Smith,,,Billing Address,,Lake Jessicaside,Rhode Island,39389,Australia,,HCO3
ID71,HCO,,,,REG0071,Mailing Address,7663 Leonard Lodge Suite 001,Nicholasport,Texas,67151,Australia,,HCO2
ID72,HCO,Christopher,,Pruitt-Cooper,REG0072,InvalidType,,Sonyaberg,,03865,,,HCO9
ID73,HCP,Anna,Davis,,,InvalidType,970 Hannah Gardens@,West Kellie,Louisiana,,,,HCO8
ID74,HCP,Rachel,Brewer,,,Billing Address,55870 Thomas Wells,South Jeremymouth,West Virginia,38753,UK,Cardiology,HCO6
ID75,HCP,,Crawford,,REG0075,Shipping Address,685 Chad Tunnel,Lake Amyfort,Louisiana,15391,,Cardiology,HCO7
ID76,HCO,,Payne,"Smith, Reed and Yates",,Mailing Address,3487 Stephanie Branch Suite 043@,Port Davidberg,Wyoming,57177,Australia,,HCO10
ID77,HCP,,Grimes!,,,Billing Address,66260 David Avenue,Walkerfurt,,65615,UK,Cardiology,HCO9
ID78,HCP,Veronica,Sanders,,REG0078,Billing Address,98684 Beltran Lane,Mackhaven,Alabama,45967,USA,Cardiology,HCO5
ID79,HCP,Robert,,,REG0079,InvalidType,52995 Williams Glens Suite 651,Petersonstad,Tennessee,,,Cardiology,HCO6
ID80,HCP,Melanie,Hernandez,,,Billing Address,16480 Tucker Well,Guerrerostad,North Carolina,,UK,Cardiology,HCO8
ID81,HCO,Paul,Castillo#,,REG0081,Shipping Address,,Russellport,Indiana,,Germany,,HCO8
ID82,HCP,Larry,White,,,Shipping Address,617 Angelica Manors,,Wisconsin,,France,Cardiology,HCO7
ID83,HCO,Brian%,,"Lopez, Hunter and Lee",REG0083,Billing Address,7006 Hall Stream,Lake Jessicaville,Ohio,44930,India,,HCO8
ID84,HCO,Brian,,"Robertson, Rivera and Eaton",REG0084,Billing Address,0710 Evans Path Apt. 455,Danielborough,Oregon,18928,Germany,,HCO1
ID85,HCO,Briana,Whitney,"Stevens, Tapia and Smith",REG0085,Shipping Address,,New Anthonyfort,Massachusetts,81028,UK,,HCO3
ID86,HCO,,Hopkins,,REG0086,Shipping Address,2507 Dennis Lane Apt. 062,,Georgia,60315,Germany,,HCO7
ID87,HCO,Abigail,,Jones Group,REG0087,Mailing Address,,North Steveview,Oregon,62846,India,,HCO2
ID88,HCP,Lynn,,,,InvalidType,287 Melissa Plains,,Connecticut,98616,USA,Cardiology,HCO4
ID89,HCP,Pamela@,Parker,,REG0089!,Billing Address,936 Flowers Groves Apt. 933,Turnermouth,Virginia,18033,UK,Cardiology,HCO6
ID90,HCP,Erica#,Moore,,REG0090,InvalidType,66310 Lee Dam,,Minnesota,,Germany,Cardiology,HCO7
ID91,HCP,Aaron$,Castro,,REG0091,Billing Address,4591 Lane Turnpike Suite 209,,Pennsylvania,40437,,,HCO5
ID92,HCP,,Moore,,,Billing Address,7005 Joshua Meadows Suite 070^,New Jacob,Michigan,,,Cardiology,HCO3
ID93,HCO,Yolanda,,Hernandez Ltd,REG0093!,Mailing Address,,East Austinchester,New Hampshire,,Australia,,HCO7
ID94,HCO,Nicholas,Pennington%,Hill Group,REG0094,Shipping Address,74421 Gamble Canyon Suite 239,Nathanielhaven,Montana,23206,USA,,HCO8
ID95,HCP,,Griffin$,,REG0095,InvalidType,60542 Buchanan Groves Apt. 280,West Manuelchester,Alabama,04494,USA,Cardiology,HCO8
ID96,HCO,,Holmes,Lee Inc,REG0096,Billing Address,032 Joshua Terrace$,South Stanleychester,Colorado,33395,,,HCO6
ID97,HCO,Kyle,,Barnes PLC,,Mailing Address,0317 Alvarez Centers Apt. 572,Fletchermouth,Nevada,99036,,,HCO6
ID98,HCO,,Davis,Cook Group,REG0098#,Mailing Address,270 Tyler Neck Suite 191,,Indiana,,France,,HCO9
ID99,HCO,Bobby,Sparks,"Fowler, Barrett and Willis",REG0099,Billing Address,09801 Welch Crest Apt. 936,West Charlesfort,Alabama,,Germany,,HCO10
